date,code,open,high,low,close,preclose,volume,amount,adjustflag,turn,tradestatus,pctChg,isST
2022-01-04,sh.000001,3649.1510,3651.8924,3610.0922,3632.3289,3639.7754,40502776900,510251060624.8000,3,1.040575,1,-0.204587,0
2022-01-05,sh.000001,3628.2634,3628.2634,3583.4668,3595.1761,3632.3289,42390202800,538963631684.2000,3,1.088995,1,-1.022837,0
2022-01-06,sh.000001,3581.2184,3594.4890,3559.8803,3586.0792,3595.1761,37154054300,474284290005.4000,3,0.954461,1,-0.253031,0
2022-01-07,sh.000001,3588.9851,3607.2316,3577.0976,3579.5427,3586.0792,43630696100,502891435426.0000,3,1.120828,1,-0.182274,0
2022-01-10,sh.000001,3572.7434,3593.5187,3555.1255,3593.5187,3579.5427,35622261000,443400848592.4000,3,0.000000,1,0.390441,0
2022-01-11,sh.000001,3589.9043,3602.1454,3562.7541,3567.4409,3593.5187,35976186300,441300566933.6000,3,0.923829,1,-0.725690,0
2022-01-12,sh.000001,3578.1629,3599.4993,3572.0965,3597.4321,3567.4409,34313295600,435817892979.5000,3,0.880593,1,0.840692,0
2022-01-13,sh.000001,3601.0265,3601.0725,3555.1576,3555.2585,3597.4321,36936836500,457005419279.0000,3,0.947903,1,-1.172325,0
2022-01-14,sh.000001,3544.0652,3548.4204,3519.3222,3521.2559,3555.2585,37693702400,463197641865.6000,3,0.967308,1,-0.956403,0
2022-01-17,sh.000001,3522.0851,3546.0853,3519.4257,3541.6660,3521.2559,31288673300,438272981569.4000,3,0.802864,1,0.579626,0
2022-01-18,sh.000001,3541.8899,3579.3126,3531.3295,3569.9144,3541.6660,37714643500,470832038609.3000,3,0.967691,1,0.797602,0
2022-01-19,sh.000001,3567.6309,3578.7348,3541.6619,3558.1796,3569.9144,33323526900,420763364209.5000,3,0.854765,1,-0.328714,0
2022-01-20,sh.000001,3556.2262,3576.2594,3540.5545,3555.0629,3558.1796,37950984600,459701843414.5000,3,0.973418,1,-0.087593,0
2022-01-21,sh.000001,3546.7495,3547.0003,3514.8853,3522.5679,3555.0629,32653488000,417768922557.8000,3,0.836699,1,-0.914049,0
2022-01-24,sh.000001,3508.2441,3531.6081,3500.1391,3524.1050,3522.5679,28026834200,358009694270.3000,3,0.717552,1,0.043636,0
2022-01-25,sh.000001,3509.2847,3519.8334,3433.0612,3433.0612,3524.1050,32735381300,383727737453.7000,3,0.838071,1,-2.583459,0
2022-01-26,sh.000001,3442.6916,3462.1233,3417.7585,3455.6679,3433.0612,27512282800,338312361452.2000,3,0.704352,1,0.658500,0
2022-01-27,sh.000001,3456.1021,3456.3630,3392.0154,3394.2474,3455.6679,28060653400,346533957923.7000,3,0.718099,1,-1.777384,0
2022-01-28,sh.000001,3407.5933,3417.0453,3356.5558,3361.4397,3394.2474,29085525700,353774612581.0000,3,0.744312,1,-0.966568,0
2022-02-07,sh.000001,3407.7621,3434.0256,3407.7621,3429.5809,3361.4397,32048521100,357140422916.9000,3,0.819752,1,2.027143,0
2022-02-08,sh.000001,3428.5424,3453.1863,3390.4578,3452.6288,3429.5809,36609386500,387969865736.4000,3,0.936204,1,0.672033,0
2022-02-09,sh.000001,3450.8180,3484.7390,3444.0848,3479.9458,3452.6288,35024993600,393719989770.0000,3,0.895523,1,0.791194,0
2022-02-10,sh.000001,3481.9101,3488.8552,3464.2169,3485.9071,3479.9458,35566626700,404969419399.4000,3,0.909368,1,0.171304,0
2022-02-11,sh.000001,3472.2757,3500.1471,3459.3299,3462.9479,3485.9071,36135609000,426297923498.3000,3,0.923915,1,-0.658629,0
2022-02-14,sh.000001,3451.8468,3457.2645,3415.4463,3428.8821,3462.9479,31527444800,361677855097.5000,3,0.806062,1,-0.983723,0
2022-02-15,sh.000001,3428.0447,3447.4917,3421.6403,3446.0885,3428.8821,27555932200,341638876451.7000,3,0.704237,1,0.501808,0
2022-02-16,sh.000001,3457.0730,3475.0576,3453.8014,3465.8305,3446.0885,27499391300,325563412529.2000,3,0.702792,1,0.572881,0
2022-02-17,sh.000001,3464.2091,3480.9719,3454.2767,3468.0354,3465.8305,29726268200,355783125696.6000,3,0.759711,1,0.063618,0
2022-02-18,sh.000001,3451.6318,3490.7573,3447.0273,3490.7573,3468.0354,29514996300,327220393283.1000,3,0.754294,1,0.655181,0
2022-02-21,sh.000001,3488.4057,3492.1994,3471.6858,3490.6123,3490.7573,30154174000,345398586146.4000,3,0.770301,1,-0.004154,0
2022-02-22,sh.000001,3473.2874,3473.3931,3437.6717,3457.1460,3490.6123,32627948400,387678927613.7000,3,0.833422,1,-0.958752,0
2022-02-23,sh.000001,3458.5139,3490.7633,3458.1795,3489.1465,3457.1460,32560489500,415630339823.4000,3,0.831435,1,0.925633,0
2022-02-24,sh.000001,3474.3692,3486.9773,3400.2136,3429.9564,3489.1465,48835490100,569794044219.7000,3,1.246940,1,-1.696406,0
2022-02-25,sh.000001,3445.3361,3480.1756,3440.9339,3451.4061,3429.9564,37754255600,441659490622.0000,3,0.963915,1,0.625364,0
2022-02-28,sh.000001,3450.3155,3462.3064,3425.5162,3462.3064,3451.4061,34583838800,413804526723.6000,3,0.882956,1,0.315822,0
2022-03-01,sh.000001,3471.3646,3491.1317,3465.7154,3488.8347,3462.3064,32600166200,412562471160.4000,3,0.831845,1,0.766203,0
2022-03-02,sh.000001,3478.2925,3486.6206,3466.9999,3484.1916,3488.8347,32936768400,380143816188.0000,3,0.840394,1,-0.133085,0
2022-03-03,sh.000001,3495.9280,3500.2872,3473.3376,3481.1125,3484.1916,41259428900,443621777161.5000,3,1.052741,1,-0.088373,0
2022-03-04,sh.000001,3459.9845,3474.8816,3437.6964,3447.6490,3481.1125,39352658100,430669055303.2000,3,1.004068,1,-0.961288,0
2022-03-07,sh.000001,3438.5602,3438.5602,3360.7393,3372.8552,3447.6490,39358899900,458156894790.9000,3,1.004007,1,-2.169415,0
2022-03-08,sh.000001,3372.5546,3383.6326,3287.3412,3293.5301,3372.8552,41592676600,485623581003.9000,3,1.060886,1,-2.351868,0
2022-03-09,sh.000001,3303.7060,3321.4811,3147.6768,3256.3884,3293.5301,46628556900,519833299622.0000,3,1.189232,1,-1.127717,0
2022-03-10,sh.000001,3312.1789,3326.5827,3291.2352,3296.0922,3256.3884,37833637600,466084008360.9000,3,0.964681,1,1.219259,0
2022-03-11,sh.000001,3259.3227,3315.6603,3217.4185,3309.7467,3296.0922,38406712700,458687054696.0000,3,0.979186,1,0.414263,0
2022-03-14,sh.000001,3271.8902,3297.7973,3223.5328,3223.5328,3309.7467,33796868700,418055596108.9000,3,0.861692,1,-2.604849,0
2022-03-15,sh.000001,3192.3637,3196.9161,3063.9652,3063.9652,3223.5328,46503716400,508158410060.0000,3,1.185706,1,-4.950085,0
2022-03-16,sh.000001,3107.6690,3177.7882,3023.3045,3170.7103,3063.9652,44466718900,522305342485.2000,3,1.133724,1,3.483887,0
2022-03-17,sh.000001,3215.0105,3260.1673,3202.9337,3215.0445,3170.7103,42081345800,532549484015.7000,3,1.072890,1,1.398242,0
2022-03-18,sh.000001,3207.1522,3260.7829,3197.3578,3251.0724,3215.0445,37303561100,428415081636.7000,3,0.951029,1,1.120603,0
2022-03-21,sh.000001,3255.6152,3267.4982,3223.3892,3253.6857,3251.0724,35422848800,421076289728.0000,3,0.903153,1,0.080383,0
2022-03-22,sh.000001,3249.5428,3279.1127,3239.5323,3259.8619,3253.6857,36119615800,402798964045.8000,3,0.921064,1,0.189822,0
2022-03-23,sh.000001,3264.7923,3279.8868,3251.9817,3271.0325,3259.8619,34987537000,405422033501.5000,3,0.891732,1,0.342671,0
2022-03-24,sh.000001,3256.0573,3266.8866,3236.6592,3250.2644,3271.0325,32900665400,390727516516.5000,3,0.838530,1,-0.634910,0
2022-03-25,sh.000001,3247.1568,3257.1061,3211.6445,3212.2399,3250.2644,34002000600,389770395977.7000,3,0.866594,1,-1.169889,0
2022-03-28,sh.000001,3185.1668,3230.2153,3159.8348,3214.5027,3212.2399,34499487300,374472279969.9000,3,0.879162,1,0.070443,0
2022-03-29,sh.000001,3216.0118,3229.1766,3196.4553,3203.9393,3214.5027,31627364900,363964468654.2000,3,0.805897,1,-0.328617,0
2022-03-30,sh.000001,3217.5921,3266.5959,3216.3023,3266.5959,3203.9393,36675367700,413008941329.0000,3,0.934467,1,1.955611,0
2022-03-31,sh.000001,3256.1369,3272.0400,3246.0630,3252.2029,3266.5959,39843993400,428089033635.3000,3,1.015162,1,-0.440612,0
2022-04-01,sh.000001,3234.6680,3287.2285,3226.2965,3282.7166,3252.2029,37821046000,405675715433.2000,3,0.963521,1,0.938247,0
2022-04-06,sh.000001,3269.4270,3288.1080,3255.6894,3283.4261,3282.7166,42964277900,433556392484.4000,3,1.094343,1,0.021613,0
2022-04-07,sh.000001,3267.8103,3290.2561,3236.4791,3236.6951,3283.4261,40262666000,398081845472.6000,3,1.025530,1,-1.423239,0
2022-04-08,sh.000001,3239.8767,3257.0938,3208.3521,3251.8502,3236.6951,41382679900,414037258374.8000,3,1.053736,1,0.468228,0
2022-04-11,sh.000001,3239.8550,3239.8550,3156.5066,3167.1259,3251.8502,42416018500,435129505094.7000,3,1.079814,1,-2.605418,0
2022-04-12,sh.000001,3165.1197,3214.5359,3140.8998,3213.3295,3167.1259,41832192300,422455849024.5000,3,1.064637,1,1.458849,0
2022-04-13,sh.000001,3199.7972,3225.4670,3183.5330,3186.8244,3213.3295,39115692500,398216898477.4000,3,0.995445,1,-0.824848,0
2022-04-14,sh.000001,3203.6337,3240.0014,3200.2346,3225.6412,3186.8244,37124234400,401191632081.2000,3,0.944759,1,1.218040,0
2022-04-15,sh.000001,3210.6996,3229.8655,3200.1332,3211.2448,3225.6412,40784208200,413498819916.5000,3,1.037725,1,-0.446311,0
2022-04-18,sh.000001,3185.9428,3204.0274,3166.9782,3195.5240,3211.2448,34736512300,366380807917.7000,3,0.883675,1,-0.489555,0
2022-04-19,sh.000001,3192.0924,3207.8276,3174.7138,3194.0287,3195.5240,33994410400,362769876685.7000,3,0.864789,1,-0.046794,0
2022-04-20,sh.000001,3189.8912,3191.8315,3142.0485,3151.0498,3194.0287,36204703700,373572708095.7000,3,0.920834,1,-1.345602,0
2022-04-21,sh.000001,3138.4276,3160.8994,3069.6809,3079.8077,3151.0498,39193469400,396542033946.7000,3,0.996796,1,-2.260900,0
2022-04-22,sh.000001,3058.4044,3105.6552,3049.3555,3086.9193,3079.8077,34200056300,348793631074.8000,3,0.869586,1,0.230911,0
2022-04-25,sh.000001,3034.2667,3043.8156,2928.5096,2928.5118,3086.9193,43360610800,427077210434.4000,3,1.102505,1,-5.131572,0
2022-04-26,sh.000001,2930.4532,2957.6800,2878.2563,2886.4257,2928.5118,40161515400,395985961275.4000,3,1.021048,1,-1.437116,0
2022-04-27,sh.000001,2866.8161,2959.1781,2863.6497,2958.2820,2886.4257,42306019100,422928346515.2000,3,1.075468,1,2.489456,0
2022-04-28,sh.000001,2945.8109,2991.5101,2936.7941,2975.4848,2958.2820,37537177500,388743021897.8000,3,0.954165,1,0.581513,0
2022-04-29,sh.000001,2986.0606,3048.4941,2968.3340,3047.0624,2975.4848,42393279400,440422728847.8000,3,1.077002,1,2.405578,0
2022-05-05,sh.000001,3044.8491,3082.2295,3042.1155,3067.7587,3047.0624,38307287500,409352003238.8000,3,0.973049,1,0.679221,0
2022-05-06,sh.000001,3011.3187,3030.6926,2992.7152,3001.5605,3067.7587,34326421800,346214397719.6000,3,0.871865,1,-2.157869,0
2022-05-09,sh.000001,2990.1990,3015.9425,2983.6119,3004.1409,3001.5605,29206155600,299983258910.4000,3,0.741464,1,0.085969,0
2022-05-10,sh.000001,2965.7759,3043.7789,2957.3968,3035.8442,3004.1409,37066098000,384012598374.9000,3,0.940986,1,1.055320,0
2022-05-11,sh.000001,3035.3893,3100.8998,3034.6745,3058.7027,3035.8442,42399191200,472963382230.8000,3,1.076181,1,0.752954,0
2022-05-12,sh.000001,3044.7997,3072.1574,3032.9452,3054.9940,3058.7027,34444047700,368879652308.0000,3,0.874208,1,-0.121251,0
2022-05-13,sh.000001,3068.0331,3086.0957,3059.2527,3084.2845,3054.9940,33173785200,340942192652.9000,3,0.841904,1,0.958774,0
2022-05-16,sh.000001,3100.5500,3102.5770,3063.3977,3073.7488,3084.2845,33810849200,348957705493.7000,3,0.858200,1,-0.341593,0
2022-05-17,sh.000001,3076.4982,3093.6965,3057.6406,3093.6965,3073.7488,33035653700,351671298470.6000,3,0.838180,1,0.648970,0
2022-05-18,sh.000001,3095.8862,3105.8419,3071.3050,3085.9768,3093.6965,31503792300,338849162214.0000,3,0.799278,1,-0.249530,0
2022-05-19,sh.000001,3046.7104,3096.9648,3042.6742,3096.9648,3085.9768,33660074900,360018210692.0000,3,0.853725,1,0.356062,0
2022-05-20,sh.000001,3107.0941,3146.5673,3107.0941,3146.5673,3096.9648,37233663600,415306218189.0000,3,0.944214,1,1.601649,0
2022-05-23,sh.000001,3150.4898,3150.5093,3127.8986,3146.8573,3146.5673,35337632500,381178569221.6000,3,0.895889,1,0.009216,0
2022-05-24,sh.000001,3149.0590,3153.1299,3070.9272,3070.9272,3146.8573,41631215800,438605376463.8000,3,1.055121,1,-2.412887,0
2022-05-25,sh.000001,3070.1702,3107.6279,3069.9459,3107.4641,3070.9272,34225922700,342322167668.5000,3,0.867249,1,1.189768,0
2022-05-26,sh.000001,3111.4817,3133.2767,3079.4812,3123.1079,3107.4641,37030551800,377364655262.0000,3,0.938172,1,0.503427,0
2022-05-27,sh.000001,3135.0315,3151.0470,3112.5443,3130.2394,3123.1079,35946386600,372631595527.1000,3,0.910627,1,0.228346,0
2022-05-30,sh.000001,3141.9560,3150.8923,3123.1495,3149.0607,3130.2394,34936228500,376667694193.1000,3,0.883622,1,0.601274,0
2022-05-31,sh.000001,3149.9443,3188.6026,3142.0044,3186.4271,3149.0607,37452326500,432528021880.2000,3,0.947075,1,1.186589,0
2022-06-01,sh.000001,3179.6949,3190.6094,3160.0399,3182.1566,3186.4271,36566443200,402419941241.2000,3,0.924423,1,-0.134022,0
2022-06-02,sh.000001,3170.3055,3197.2818,3163.7555,3195.4580,3182.1566,36177063200,413729263916.9000,3,0.914356,1,0.418000,0
2022-06-06,sh.000001,3196.9552,3237.0710,3181.6470,3236.3719,3195.4580,42202783500,517314346904.0000,3,1.065908,1,1.280377,0
2022-06-07,sh.000001,3235.4160,3253.0930,3222.6354,3241.7635,3236.3719,40220322000,482203196909.9000,3,1.015754,1,0.166594,0
2022-06-08,sh.000001,3245.0173,3266.6298,3216.0148,3263.7934,3241.7635,43418327000,508408534896.8000,3,1.096122,1,0.679565,0
2022-06-09,sh.000001,3259.4899,3270.5571,3223.4751,3238.9543,3263.7934,42272837200,468458214289.7000,3,1.066772,1,-0.761050,0
2022-06-10,sh.000001,3214.1848,3286.6195,3210.8083,3284.8341,3238.9543,43986573000,504153681088.1000,3,1.107506,1,1.416500,0
2022-06-13,sh.000001,3256.2750,3272.9906,3229.3089,3255.5511,3284.8341,43857831200,511966171759.0000,3,1.101532,1,-0.891461,0
2022-06-14,sh.000001,3224.2141,3289.1343,3195.8192,3288.9066,3255.5511,45038818700,513844989478.5000,3,1.131155,1,1.024573,0
2022-06-15,sh.000001,3289.1036,3358.5453,3288.8512,3305.4066,3288.9066,55058413100,621972527662.7000,3,1.382497,1,0.501686,0
2022-06-16,sh.000001,3306.8353,3319.6890,3277.5306,3285.3845,3305.4066,43322086800,506053993841.4000,3,1.087674,1,-0.605738,0
2022-06-17,sh.000001,3265.5124,3323.2797,3262.8936,3316.7857,3285.3845,39530070000,497252170221.9000,3,0.992287,1,0.955785,0
2022-06-20,sh.000001,3315.7833,3333.9025,3292.9279,3315.4302,3316.7857,41346041000,527751758046.3000,3,1.037108,1,-0.040868,0
2022-06-21,sh.000001,3313.7874,3329.3900,3279.8269,3306.7186,3315.4302,39445689100,471793645369.8000,3,0.989328,1,-0.262759,0
2022-06-22,sh.000001,3309.1184,3311.0209,3266.5427,3267.2016,3306.7186,37552978200,440850994256.2000,3,0.941149,1,-1.195052,0
2022-06-23,sh.000001,3269.0545,3320.1487,3262.2939,3320.1487,3267.2016,40061421100,474200107521.5000,3,1.003817,1,1.620564,0
2022-06-24,sh.000001,3324.7360,3356.7145,3322.9496,3349.7470,3320.1487,39081973400,509615998469.1000,3,0.979118,1,0.891475,0
2022-06-27,sh.000001,3364.0030,3393.3091,3364.0030,3379.1852,3349.7470,41411773800,541573846134.1000,3,1.034795,1,0.878819,0
2022-06-28,sh.000001,3377.6793,3412.1017,3358.8666,3409.2103,3379.1852,41205651600,525512509334.6000,3,1.028635,1,0.888531,0
2022-06-29,sh.000001,3399.6779,3414.6467,3358.4676,3361.5177,3409.2103,44057355900,561306976812.3000,3,1.099728,1,-1.398934,0
2022-06-30,sh.000001,3358.9338,3417.0085,3358.9338,3398.6161,3361.5177,38124317800,510307202947.5000,3,0.951311,1,1.103621,0
2022-07-01,sh.000001,3400.2616,3404.0523,3378.3621,3387.6373,3398.6161,35048929900,458435288455.9000,3,0.874399,1,-0.323037,0
2022-07-04,sh.000001,3381.8194,3405.6185,3364.0947,3405.4267,3387.6373,35773791900,489347955346.8000,3,0.892445,1,0.525127,0
2022-07-05,sh.000001,3411.1297,3424.8366,3372.0623,3404.0252,3405.4267,41169967200,516605703877.7000,3,1.026496,1,-0.041155,0
2022-07-06,sh.000001,3391.0265,3391.0265,3333.0965,3355.3497,3404.0252,38463004700,487474666924.4000,3,0.958837,1,-1.429939,0
2022-07-07,sh.000001,3353.1283,3375.8595,3332.3092,3364.3980,3355.3497,33440020200,438203112921.0000,3,0.833515,1,0.269668,0
2022-07-08,sh.000001,3380.3686,3386.3149,3354.1209,3356.0778,3364.3980,32292107200,421883933132.7000,3,0.804872,1,-0.247301,0
2022-07-11,sh.000001,3341.1016,3341.1016,3297.0050,3313.5840,3356.0778,34266919300,424942266312.8000,3,0.853551,1,-1.266174,0
2022-07-12,sh.000001,3307.2211,3319.2512,3277.0794,3281.4665,3313.5840,33460053900,410950560718.3000,3,0.833417,1,-0.969268,0
2022-07-13,sh.000001,3279.6025,3297.0185,3266.4811,3284.2918,3281.4665,33184566900,394134617511.0000,3,0.826476,1,0.086099,0
2022-07-14,sh.000001,3277.4545,3299.2512,3261.4934,3281.7440,3284.2918,35592643200,431969353547.9000,3,0.886340,1,-0.077575,0
2022-07-15,sh.000001,3261.3826,3288.9198,3228.0609,3228.0609,3281.7440,38015637100,460877019141.4000,3,0.946677,1,-1.635810,0
2022-07-18,sh.000001,3235.0881,3278.4715,3226.2315,3278.1033,3228.0609,34834602200,423357272299.7000,3,0.866111,1,1.550231,0
2022-07-19,sh.000001,3278.7221,3283.9295,3256.0152,3279.4313,3278.1033,31565191800,396042358323.1000,3,0.784819,1,0.040511,0
2022-07-20,sh.000001,3291.5507,3308.3472,3287.7441,3304.7243,3279.4313,30151512300,383422746838.4000,3,0.749443,1,0.771262,0
2022-07-21,sh.000001,3297.6614,3300.5345,3272.0012,3272.0012,3304.7243,33235870700,420696576741.5000,3,0.826122,1,-0.990192,0
2022-07-22,sh.000001,3276.1966,3293.6439,3246.7313,3269.9739,3272.0012,30069006600,383576011593.0000,3,0.746789,1,-0.061959,0
2022-07-25,sh.000001,3269.7070,3273.1836,3243.0311,3250.3880,3269.9739,27124574400,348281870965.0000,3,0.000000,1,-0.598962,0
2022-07-26,sh.000001,3254.1852,3282.4133,3246.0440,3277.4356,3250.3880,25946867600,334421587036.2000,3,0.644196,1,0.832135,0
2022-07-27,sh.000001,3271.7825,3282.5739,3265.7267,3275.7553,3277.4356,24913148500,339768241053.0000,3,0.618456,1,-0.051269,0
2022-07-28,sh.000001,3287.5019,3305.7057,3277.1078,3282.5758,3275.7553,28805505600,395925555549.0000,3,0.714989,1,0.208212,0
2022-07-29,sh.000001,3282.8114,3294.8045,3246.3677,3253.2382,3282.5758,30733104700,410553093404.4000,3,0.762768,1,-0.893737,0
2022-08-01,sh.000001,3246.6161,3264.3041,3225.5533,3259.9585,3253.2382,29220480500,399000239744.0000,3,0.000000,1,0.206573,0
2022-08-02,sh.000001,3231.2621,3231.2621,3155.1866,3186.2664,3259.9585,39417616800,475962696161.0000,3,0.977782,1,-2.260523,0
2022-08-03,sh.000001,3188.8906,3217.5496,3159.4570,3163.6741,3186.2664,32488567300,455409764942.7000,3,0.805902,1,-0.709052,0
2022-08-04,sh.000001,3179.4278,3190.9992,3155.7039,3189.0391,3163.6741,26089894300,371146916077.8000,3,0.647137,1,0.801758,0
2022-08-05,sh.000001,3195.2274,3228.8863,3184.4549,3227.0267,3189.0391,27468372900,414055641493.2000,3,0.681310,1,1.191193,0
2022-08-08,sh.000001,3218.8511,3237.9693,3214.0826,3236.9337,3227.0267,25426805000,392277178489.9000,3,0.630507,1,0.307001,0
2022-08-09,sh.000001,3235.7351,3248.7718,3227.5394,3247.4318,3236.9337,25960546700,391415560267.1000,3,0.643703,1,0.324322,0
2022-08-10,sh.000001,3242.3622,3253.1662,3217.8065,3230.0200,3247.4318,25758359200,390066120147.4000,3,0.638512,1,-0.536171,0
2022-08-11,sh.000001,3243.4716,3281.6654,3237.9041,3281.6654,3230.0200,30060537600,427399149616.3000,3,0.744958,1,1.598919,0
2022-08-12,sh.000001,3275.7700,3288.2233,3272.8406,3276.8877,3281.6654,29993292800,403906156288.7000,3,0.743256,1,-0.145588,0
2022-08-15,sh.000001,3268.3653,3286.8910,3261.8151,3276.0870,3276.8877,28710677300,387257744646.1000,3,0.711552,1,-0.024435,0
2022-08-16,sh.000001,3278.6756,3295.0226,3271.5703,3277.8847,3276.0870,30359227400,409210082291.4000,3,0.752381,1,0.054873,0
2022-08-17,sh.000001,3282.1008,3295.9976,3263.3483,3292.5260,3277.8847,32612475900,423859011368.3000,3,0.808192,1,0.446669,0
2022-08-18,sh.000001,3286.3669,3289.1415,3270.5584,3277.5438,3292.5260,30169477800,418075199680.1000,3,0.747327,1,-0.455037,0
2022-08-19,sh.000001,3275.6229,3286.4911,3258.0637,3258.0784,3277.5438,33353547100,457863361108.2000,3,0.825241,1,-0.593902,0
2022-08-22,sh.000001,3249.7046,3278.1655,3247.1870,3277.7943,3258.0784,31453786900,427653295825.9000,3,0.774442,1,0.605139,0
2022-08-23,sh.000001,3274.4270,3284.5963,3262.6331,3276.2234,3277.7943,31656635600,418311743962.9000,3,0.779428,1,-0.047926,0
2022-08-24,sh.000001,3279.1716,3281.8752,3212.3860,3215.2033,3276.2234,36614057700,458360278355.2000,3,0.901487,1,-1.862513,0
2022-08-25,sh.000001,3223.4645,3248.3505,3199.1242,3246.2481,3215.2033,33619616500,419464277028.1000,3,0.827325,1,0.965563,0
2022-08-26,sh.000001,3250.6276,3266.2737,3232.2766,3236.2226,3246.2481,30992755400,397556251308.6000,3,0.762604,1,-0.308833,0
2022-08-29,sh.000001,3203.1022,3240.7275,3198.9960,3240.7275,3236.2226,29701509700,363729979752.0000,3,0.730789,1,0.139202,0
2022-08-30,sh.000001,3240.1835,3243.7460,3212.6346,3227.2203,3240.7275,29431891400,353775673849.4000,3,0.723830,1,-0.416795,0
2022-08-31,sh.000001,3216.5257,3232.0158,3184.3936,3202.1378,3227.2203,34440882900,431758007416.9000,3,0.847019,1,-0.777217,0
2022-09-01,sh.000001,3196.5367,3214.5583,3181.6256,3184.9797,3202.1378,27466054100,336978641198.7000,3,0.675458,1,-0.535833,0
2022-09-02,sh.000001,3189.6439,3198.2812,3173.7929,3186.4781,3184.9797,25045691100,313337604115.4000,3,0.615935,1,0.047046,0
2022-09-05,sh.000001,3183.9460,3199.9118,3172.0394,3199.9118,3186.4781,28067563300,339591536253.1000,3,0.690177,1,0.421585,0
2022-09-06,sh.000001,3207.9330,3244.6353,3203.8161,3243.4466,3199.9118,31886968900,378636070327.5000,3,0.784054,1,1.360500,0
2022-09-07,sh.000001,3232.1368,3253.7671,3227.8225,3246.2943,3243.4466,30101446600,368608741474.6000,3,0.740095,1,0.087799,0
2022-09-08,sh.000001,3245.5570,3253.7005,3233.8007,3235.5862,3246.2943,28168035800,328657091591.2000,3,0.692551,1,-0.329856,0
2022-09-09,sh.000001,3241.1809,3266.1974,3236.5078,3262.0542,3235.5862,28382766500,338566713309.5000,3,0.697638,1,0.818028,0
2022-09-13,sh.000001,3272.0492,3278.1659,3259.6644,3263.7972,3262.0542,27618982300,339021890619.5000,3,0.678688,1,0.053433,0
2022-09-14,sh.000001,3224.6783,3250.8024,3221.9609,3237.5419,3263.7972,25519336500,306452822218.0000,3,0.627066,1,-0.804440,0
2022-09-15,sh.000001,3248.9721,3254.1789,3174.3899,3199.9187,3237.5419,32520612100,392490591521.4000,3,0.799030,1,-1.162092,0
2022-09-16,sh.000001,3189.8265,3191.8265,3126.3972,3126.3977,3199.9187,31647589300,355085342917.9000,3,0.777553,1,-2.297590,0
2022-09-19,sh.000001,3122.7549,3135.5565,3101.2207,3115.6019,3126.3977,24911366200,289918817139.3000,3,0.612020,1,-0.345311,0
2022-09-20,sh.000001,3127.8356,3140.0252,3114.0368,3122.4058,3115.6019,21994253400,268600300237.6000,3,0.540347,1,0.218382,0
2022-09-21,sh.000001,3116.0065,3129.8245,3091.2966,3117.1774,3122.4058,23297249600,269513754503.3000,3,0.572357,1,-0.167448,0
2022-09-22,sh.000001,3098.7682,3125.6797,3092.8189,3108.9096,3117.1774,22114068900,269978597649.8000,3,0.543304,1,-0.265234,0
2022-09-23,sh.000001,3106.8055,3124.6583,3072.2409,3088.3695,3108.9096,24305771900,285552915205.6000,3,0.597119,1,-0.660685,0
2022-09-26,sh.000001,3067.5689,3102.6544,3048.5143,3051.2260,3088.3695,26269862800,293536440838.5000,3,0.644785,1,-1.202690,0
2022-09-27,sh.000001,3056.3917,3094.0389,3048.3650,3093.8618,3051.2260,23273530300,290065702696.3000,3,0.571195,1,1.397333,0
2022-09-28,sh.000001,3089.0975,3089.0975,3044.8640,3045.0668,3093.8618,23009865000,276039741572.0000,3,0.564364,1,-1.577155,0
2022-09-29,sh.000001,3067.4727,3076.7615,3026.0792,3041.2046,3045.0668,23003041600,276441059417.7000,3,0.564200,1,-0.126835,0
2022-09-30,sh.000001,3042.1664,3054.6129,3021.9309,3024.3905,3041.2046,20411533600,240262768408.9000,3,0.500574,1,-0.552876,0
2022-10-10,sh.000001,3026.9354,3029.4478,2968.2810,2974.1454,3024.3905,24340482800,290120024166.9000,3,0.596888,1,-1.661330,0
2022-10-11,sh.000001,2978.0617,2986.9116,2953.4953,2979.7926,2974.1454,20863595000,246715637025.1000,3,0.511551,1,0.189876,0
2022-10-12,sh.000001,2976.7168,3025.5055,2934.0922,3025.5055,2979.7926,24801355700,306871328764.9000,3,0.608093,1,1.534097,0
2022-10-13,sh.000001,3008.3016,3036.2485,3004.4963,3016.3561,3025.5055,24968328100,317764786734.7000,3,0.611990,1,-0.302409,0
2022-10-14,sh.000001,3035.0341,3084.2724,3035.0341,3071.9868,3016.3561,27730406100,372050694578.9000,3,0.679683,1,1.844301,0
2022-10-17,sh.000001,3060.5176,3087.1944,3052.7149,3084.9423,3071.9868,26260861800,349214469685.4000,3,0.638163,1,0.421730,0
2022-10-18,sh.000001,3094.9272,3099.9182,3074.2162,3080.9574,3084.9423,24563475700,326002905366.0000,3,0.596911,1,-0.129173,0
2022-10-19,sh.000001,3073.2616,3081.3903,3044.3777,3044.3777,3080.9574,23089531000,313108348652.4000,3,0.561085,1,-1.187284,0
2022-10-20,sh.000001,3029.3028,3070.2648,3013.6929,3035.0504,3044.3777,24473614500,340091337759.5000,3,0.594684,1,-0.306378,0
2022-10-21,sh.000001,3038.0358,3055.4157,3026.9603,3038.9291,3035.0504,24525412200,315110985796.8000,3,0.000000,1,0.127797,0
2022-10-24,sh.000001,3034.7458,3064.4211,2965.1675,2977.5554,3038.9291,29808535600,394725942512.6000,3,0.724249,1,-2.019583,0
2022-10-25,sh.000001,2969.1560,3001.7150,2944.2607,2976.2830,2977.5554,25555416000,337519280757.3000,3,0.620872,1,-0.042733,0
2022-10-26,sh.000001,2977.5643,3028.3478,2977.5643,2999.5036,2976.2830,26868949200,372845274629.2000,3,0.652728,1,0.780188,0
2022-10-27,sh.000001,3005.0373,3017.2629,2981.6889,2982.9029,2999.5036,26560825400,381330371123.0000,3,0.645076,1,-0.553448,0
2022-10-28,sh.000001,2967.0221,2974.2360,2908.9831,2915.9257,2982.9029,29253130800,385261361877.7000,3,0.710334,1,-2.245370,0
2022-10-31,sh.000001,2893.1962,2926.0150,2885.0894,2893.4829,2915.9257,30199420300,396654162133.5000,3,0.733175,1,-0.769663,0
2022-11-01,sh.000001,2899.4985,2969.1995,2896.7572,2969.1995,2893.4829,31980957800,431015902874.1000,3,0.776409,1,2.616798,0
2022-11-02,sh.000001,2960.6465,3019.0486,2954.9478,3003.3699,2969.1995,32507824800,457581522044.7000,3,0.789141,1,1.150829,0
2022-11-03,sh.000001,2981.2038,3003.7207,2977.7162,2997.8057,3003.3699,25934856700,370653283763.4000,3,0.629579,1,-0.185265,0
2022-11-04,sh.000001,2996.9971,3081.5903,2996.9971,3070.7964,2997.8057,32980674000,458770093694.7000,3,0.800616,1,2.434804,0
2022-11-07,sh.000001,3062.8590,3088.1927,3054.4571,3077.8170,3070.7964,32056709700,424429131518.9000,3,0.778012,1,0.228625,0
2022-11-08,sh.000001,3077.3056,3078.2760,3047.4624,3064.4928,3077.8170,25652200700,338966942021.5000,3,0.622531,1,-0.432911,0
2022-11-09,sh.000001,3064.4633,3073.9183,3046.1881,3048.1676,3064.4928,23563732400,306860895708.1000,3,0.571841,1,-0.532721,0
2022-11-10,sh.000001,3031.6915,3047.9803,3022.8506,3036.1318,3048.1676,27037179800,335925917722.4000,3,0.656115,1,-0.394854,0
2022-11-11,sh.000001,3099.6500,3117.7419,3070.3007,3087.2926,3036.1318,40960453400,513784597274.3000,3,0.993951,1,1.685065,0
2022-11-14,sh.000001,3100.8669,3121.4056,3075.2152,3083.4013,3087.2926,36178821600,454546731409.1000,3,0.875868,1,-0.126042,0
2022-11-15,sh.000001,3081.1349,3135.5903,3074.4982,3134.0778,3083.4013,33147057700,446460007889.4000,3,0.802389,1,1.643526,0
2022-11-16,sh.000001,3133.6504,3145.7526,3115.3453,3119.9804,3134.0778,30342984400,386992905050.7000,3,0.734432,1,-0.449810,0
2022-11-17,sh.000001,3110.9649,3115.4351,3087.1737,3115.4347,3119.9804,28702840700,377900109272.6000,3,0.694704,1,-0.145696,0
2022-11-18,sh.000001,3116.7291,3126.7107,3096.8858,3097.2432,3115.4347,29995427600,389207386467.2000,3,0.725973,1,-0.583915,0
2022-11-21,sh.000001,3078.0569,3085.2426,3056.1703,3085.0444,3097.2432,25604554900,345025496474.6000,3,0.619662,1,-0.393860,0
2022-11-22,sh.000001,3084.2328,3118.1197,3076.3214,3088.9426,3085.0444,32756592700,374142821130.4000,3,0.792706,1,0.126358,0
2022-11-23,sh.000001,3084.7403,3108.2438,3075.3241,3096.9073,3088.9426,32615544900,356400844278.1000,3,0.789308,1,0.257846,0
2022-11-24,sh.000001,3104.0955,3113.2392,3084.8554,3089.3096,3096.9073,26748292800,308190185804.6000,3,0.647318,1,-0.245332,0
2022-11-25,sh.000001,3085.4611,3111.4214,3077.9671,3101.6932,3089.3096,31143197900,325426338447.2000,3,0.753635,1,0.400853,0
2022-11-28,sh.000001,3055.2899,3080.1843,3034.7045,3078.5485,3101.6932,30581128400,338549350774.8000,3,0.737672,1,-0.746196,0
2022-11-29,sh.000001,3096.1126,3152.0027,3096.1126,3149.7478,3078.5485,39144974800,439102619264.2000,3,0.944220,1,2.312756,0
2022-11-30,sh.000001,3141.3992,3158.5732,3137.3687,3151.3353,3149.7478,37271832100,404504379283.4000,3,0.899037,1,0.050401,0
2022-12-01,sh.000001,3187.9899,3198.4088,3164.5348,3165.4711,3151.3353,38701305600,462184974022.8000,3,0.932999,1,0.448565,0
2022-12-02,sh.000001,3160.5789,3170.8980,3149.8406,3156.1442,3165.4711,30781248400,366318678808.3000,3,0.742057,1,-0.294645,0
2022-12-05,sh.000001,3181.9155,3213.4395,3177.0642,3211.8144,3156.1442,44739843700,479203617373.5000,3,1.078531,1,1.763867,0
2022-12-06,sh.000001,3200.2750,3224.8220,3195.0788,3212.5334,3211.8144,37359029600,435248700179.1000,3,0.900563,1,0.022386,0
2022-12-07,sh.000001,3204.9352,3226.0817,3188.6705,3199.6194,3212.5334,35411307800,402146133137.5000,3,0.853599,1,-0.401988,0
2022-12-08,sh.000001,3196.0156,3206.7151,3187.2566,3197.3499,3199.6194,32096929400,364935622700.5000,3,0.773705,1,-0.070930,0
2022-12-09,sh.000001,3197.1183,3212.1059,3182.9068,3206.9502,3197.3499,37334320900,447750222046.8000,3,0.899922,1,0.300258,0
2022-12-12,sh.000001,3195.8680,3196.7247,3176.5752,3179.0417,3206.9502,33338179200,394919615249.5000,3,0.805823,1,-0.870250,0
2022-12-13,sh.000001,3179.4354,3187.2035,3171.4827,3176.3255,3179.0417,28582120000,333539763009.7000,3,0.690859,1,-0.085441,0
2022-12-14,sh.000001,3178.5542,3189.8350,3168.5925,3176.5253,3176.3255,26562356900,333950671128.2000,3,0.642009,1,0.006290,0
2022-12-15,sh.000001,3177.1995,3179.1000,3158.4515,3168.6478,3176.5253,24302333300,305204998562.4000,3,0.587359,1,-0.247991,0
2022-12-16,sh.000001,3156.1349,3175.3526,3151.6089,3167.8576,3168.6478,25977179500,307227738354.5000,3,0.627778,1,-0.024938,0
2022-12-19,sh.000001,3165.3092,3170.2552,3096.0981,3107.1150,3167.8576,27851354100,307934621461.9000,3,0.672908,1,-1.917466,0
2022-12-20,sh.000001,3098.9532,3100.7477,3061.5098,3073.7659,3107.1150,21883676600,261716073427.2000,3,0.528637,1,-1.073314,0
2022-12-21,sh.000001,3078.3312,3085.7951,3060.5542,3068.4105,3073.7659,18906792000,226852792581.1000,3,0.456710,1,-0.174229,0
2022-12-22,sh.000001,3085.8004,3096.2449,3044.5991,3054.4313,3068.4105,22363953700,266315477432.4000,3,0.540186,1,-0.455584,0
2022-12-23,sh.000001,3038.8416,3061.8670,3031.5358,3045.8664,3054.4313,19202030500,233335246195.6000,3,0.463746,1,-0.280409,0
2022-12-26,sh.000001,3048.1963,3071.8363,3047.3491,3065.5626,3045.8664,20650389300,255470265306.8000,3,0.498635,1,0.646653,0
2022-12-27,sh.000001,3077.7469,3098.0783,3074.3133,3095.5678,3065.5626,22221832200,267946785441.9000,3,0.536483,1,0.978783,0
2022-12-28,sh.000001,3088.6174,3098.6496,3079.4338,3087.3997,3095.5678,22455415100,260508525682.6000,3,0.542097,1,-0.263864,0
2022-12-29,sh.000001,3076.7264,3086.0048,3064.4594,3073.7016,3087.3997,21557067600,253916981220.2000,3,0.520406,1,-0.443678,0
2022-12-30,sh.000001,3084.5226,3096.3135,3082.1964,3089.2579,3073.7016,21754534400,250355950864.6000,3,0.525202,1,0.506110,0
